city,state_id,lat,lng,zips
Los Angeles,CA,34.1141,-118.4068,91367 90291 90293 90292 91316 91311 90035 90034 90037 90031 90039 90008 90004 90005 90006 90007 90001 90002 90003 91504 91040 90710 90089 91307 91344 91345 91340 91342 91343 90036 90247 91411 91436 91371 91608 91605 91604 91607 91606 91601 91602 90402 90068 90069 90062 90063 90061 90066 90067 90064 90065 90248 91326 91324 91325 90013 90012 90011 90010 90017 90016 90015 90014 91364 90028 90095 90094 91042 91352 91356 91406 91402 90041 90042 90043 90044 90045 90046 90047 90048 90049 90019 90018 91423 90210 91303 91304 91306 90079 90071 90077 90059 91331 91330 91335 90026 90027 90024 90025 90023 90020 90021 90029 90272 90732 90731 90230 91405 91403 91401 90033 90032 90038 90057 90052 90058 90744 90501 90502 90009 90030 90050 90051 90053 90054 90055 90060 90070 90072 90074 90075 90076 90078 90080 90081 90082 90083 90084 90085 90086 90087 90088 90093 90099 90134 90140 90189 90213 90294 90295 90733 90734 90748 91041 91043 91305 91308 91309 91313 91327 91328 91333 91334 91337 91346 91353 91357 91365 91392 91393 91394 91395 91396 91404 91407 91408 91409 91410 91412 91413 91416 91426 91470 91482 91499 91603 91609 91610 91614 91615 91616 91617 91618
San Francisco,CA,37.7558,-122.4449,94130 94131 94132 94133 94134 94103 94102 94105 94104 94188 94158 94124 94123 94122 94121 94129 94118 94108 94107 94112 94110 94116 94117 94114 94115 94111 94109 94127 94119 94120 94125 94137 94139 94140 94141 94142 94143 94144 94145 94146 94147 94151 94159 94160 94161 94163 94164 94172 94177
San Diego,CA,32.8313,-117.1222,92182 92109 92108 92107 92106 92103 92101 92111 92154 92110 92140 92161 92105 92104 92102 92071 92132 92130 92131 92136 92134 92139 92025 92027 92147 92145 92014 92093 92092 92119 92116 92117 92121 92120 92123 92122 92124 92127 92126 92129 92128 92037 92173 92113 92114 92115 92038 92039 92072 92112 92137 92138 92142 92143 92149 92150 92152 92153 92158 92159 92160 92163 92165 92166 92167 92168 92169 92170 92171 92172 92174 92175 92176 92177 92186 92187 92191 92192 92193 92195 92196 92197 92198 92199
Riverside,CA,33.9381,-117.3949,92508 92503 92501 92506 92505 92504 92507 92521 92502 92513 92514 92516 92517 92522
Sacramento,CA,38.5677,-121.4685,95821 95820 95823 95838 95832 95833 95831 95834 95835 95811 95814 95815 95818 95819 95828 95822 95825 95824 95826 95816 95817 94203 94204 94205 94209 94229 94230 94232 94235 94236 94237 94239 94240 94244 94247 94248 94249 94250 94252 94254 94256 94257 94258 94259 94261 94262 94263 94267 94268 94269 94271 94273 94274 94277 94278 94279 94280 94283 94284 94285 94287 94288 94289 94290 94293 94294 94295 94296 94297 94298 94299 95812 95813 95840 95851 95852 95853 95867 95894
San Jose,CA,37.3012,-121.848,95119 95118 95128 95124 95125 95122 95008 95002 95117 95116 95111 95110 95113 95112 95126 95127 95120 95123 95148 95133 95132 95131 95130 95136 95134 95139 95138 95037 95013 95129 95121 95101 95103 95106 95109 95115 95141 95150 95151 95153 95154 95155 95156 95157 95158 95159 95160 95161 95164 95172 95173 95190 95191 95192 95193 95194 95196
Fresno,CA,36.783,-119.7939,93740 93741 93730 93650 93702 93703 93701 93706 93704 93705 93722 93728 93720 93721 93726 93727 93711 93710 93707 93708 93709 93714 93715 93716 93717 93718 93724 93729 93744 93745 93750 93755 93760 93761 93764 93765 93771 93772 93774 93775 93776 93777 93778 93779 93790 93791 93792 93793 93794 93844
Mission Viejo,CA,33.6096,-117.6551,92692 92691 92690
Bakersfield,CA,35.3529,-119.0359,93306 93307 93304 93305 93301 93309 93314 93311 93313 93312 93302 93383 93384 93385 93387 93389 93390
Concord,CA,37.9722,-122.0016,94518 94519 94565 94521 94520 94522 94524 94527
Long Beach,CA,33.7977,-118.167,90822 90804 90805 90806 90807 90802 90803 90808 90831 90814 90813 90810 90815 90840 90801 90809 90832 90833 90842 90844 90846 90847 90848 90853
Oakland,CA,37.7904,-122.2166,94621 94705 94611 94610 94613 94612 94619 94618 94606 94607 94602 94603 94601 94609 94720 94605 94608 94604 94614 94615 94617 94620 94623 94624 94649 94659 94660 94661 94666
Stockton,CA,37.9765,-121.3109,95219 95212 95210 95211 95209 95207 95203 95205 95204 95206 95202 95201 95267 95269 95296 95297
Oxnard,CA,34.1964,-119.1815,93035 93036 93030 93033 93031 93032 93034
Indio,CA,33.7346,-116.2346,92241 92201 92203
Victorville,CA,34.5277,-117.3536,92394 92395 92392 92393
Modesto,CA,37.6375,-121.0028,95358 95356 95355 95354 95351 95350 95352 95353 95397
Anaheim,CA,33.839,-117.8574,92808 92806 92807 92804 92805 92802 92801 92803 92809 92812 92815 92816 92817 92825 92899
Antioch,CA,37.9787,-121.796,94531 94509
Santa Ana,CA,33.7367,-117.8819,92707 92701 92703 92705 92704 92706 92702 92735 92799
Irvine,CA,33.6772,-117.7738,92617 92614 92612 92618 92697 92620 92602 92603 92604 92606 92616 92619 92650 92698
Santa Rosa,CA,38.4458,-122.7067,95409 95403 95401 95407 95405 95404 95406
Chula Vista,CA,32.6281,-117.0144,91911 91910 91913 91915 91914 91902 91908 91909 91912 91921
Santa Clarita,CA,34.4175,-118.4964,91351 91321 91350 91355 91354 91387 91322 91382 91385 91386
Fremont,CA,37.5265,-121.9843,94560 94536 94538 94539 94555 94537
San Bernardino,CA,34.1416,-117.2943,92404 92369 92401 92407 92405 92408 92411 92410 92415 92346 92403 92406 92413 92418 92423 92427
Fontana,CA,34.0968,-117.4599,92335 92336 92337 92331 92334 92402
Moreno Valley,CA,33.9244,-117.2045,92551 92553 92555 92557 92552 92554 92556
Thousand Oaks,CA,34.1914,-118.8756,91320 91360 91361 91362 91319 91358 91359
Huntington Beach,CA,33.696,-118.0018,92648 92649 92646 92647 90742 92605 92615
Santa Barbara,CA,34.4285,-119.7202,93105 93101 93103 93109 93102 93120 93121 93130 93140 93190
Glendale,CA,34.1819,-118.2468,91210 91214 91201 91205 91208 91203 91202 91204 91207 91206 91046 91020 91209 91221 91222 91225 91226
Ontario,CA,34.0393,-117.6064,91762 91761 91764 91743 91758
Elk Grove,CA,38.4161,-121.3842,95624 95757 95758 95759
Hemet,CA,33.7341,-116.9969,92545 92543 92546
Rancho Cucamonga,CA,34.1247,-117.5667,91730 91701 91737 91739 91729
Salinas,CA,36.6883,-121.6317,93901 93905 93906 93902 93915
Oceanside,CA,33.2247,-117.3083,92058 92054 92057 92056 92049 92051 92052 92068
Vallejo,CA,38.1125,-122.2342,94592 94591 94589 94590
Garden Grove,CA,33.7787,-117.9601,92843 92840 92841 92844 92845 92842 92846
Lancaster,CA,34.6935,-118.1753,93535 93534 93536 93539 93584
Visalia,CA,36.3276,-119.3269,93277 93291 93292 93278 93279 93290
Palmdale,CA,34.5944,-118.1057,93591 93552 93551 93550 93590 93599
Santa Cruz,CA,36.9789,-122.0346,95065 95064 95060 95062 95061 95063 95067
Merced,CA,37.3057,-120.4779,95348 95340 95341 95343
Hayward,CA,37.6328,-122.0766,94541 94542 94544 94545 94587 94540 94543 94557
Corona,CA,33.8616,-117.5649,92882 92880 92881 92879 92877 92878
Sunnyvale,CA,37.3836,-122.0255,94085 94086 94087 94089 94088
Roseville,CA,38.7703,-121.3196,95661 95747 95678
Fairfield,CA,38.2583,-122.0335,94533 94534 94535
Escondido,CA,33.1348,-117.0723,92029 92025 92026 92027 92030 92033 92046
Pomona,CA,34.0585,-117.7626,91768 91766 91767 91769
Santa Maria,CA,34.9333,-120.4431,93454 93455 93458
Torrance,CA,33.8346,-118.3416,90277 90501 90503 90505 90504 90507 90508 90509 90510
Fullerton,CA,33.8841,-117.9279,92835 92833 92832 92831 92834 92836 92837 92838
Orange,CA,33.8038,-117.8218,92868 92869 92866 92867 92865 92856 92857 92863 92864
Pasadena,CA,34.1597,-118.139,91103 91101 91104 91125 91106 91107 91105 91102 91109 91110 91114 91115 91116 91117 91121 91123 91124 91126 91129 91182 91184 91188 91189 91199
Santa Clara,CA,37.3646,-121.968,95054 95050 95051 95053 95052 95055 95056
Yuba City,CA,39.1357,-121.6383,95991 95993
Simi Valley,CA,34.2663,-118.749,93063 93065 93062 93094 93099
Clovis,CA,36.8278,-119.683,93611 93612 93619 93613 93747
Redding,CA,40.5698,-122.365,96002 96003 96001
Berkeley,CA,37.8722,-122.276,94708 94707 94705 94704 94703 94702 94709 94710 94720 94701 94712
Seaside,CA,36.6224,-121.8199,93955
Gilroy,CA,37.0046,-121.5854,95020
Richmond,CA,37.9477,-122.3389,94530 94801 94803 94804 94805 94806 94802 94807 94808 94850
East Los Angeles,CA,34.0326,-118.1691,90063 90022 90023
Carlsbad,CA,33.1246,-117.2834,92008 92009 92011 92010 92013 92018
Downey,CA,33.9379,-118.1311,90242 90240 90241 90239
Murrieta,CA,33.5719,-117.1909,92563 92562
Costa Mesa,CA,33.6667,-117.9135,92626 92627 92628
Temecula,CA,33.4928,-117.1315,92590 92591 92592 92589 92593
San Buenaventura,CA,34.2741,-119.2314,93004 93001 93003 93002 93005 93006 93007 93009
Chico,CA,39.7578,-121.8161,95973 95926 95928 95929 95927 95976
West Covina,CA,34.0555,-117.9113,91792 91791 91790 91793
El Monte,CA,34.0739,-118.0291,91731 91733 91732 91734 91735
Menifee,CA,33.6909,-117.1849,92587 92586 92585 92584 92564
Jurupa Valley,CA,34.001,-117.4706,92509 91752 92519
Inglewood,CA,33.9566,-118.3444,90305 90304 90303 90302 90301 90306 90307 90308 90309 90311 90312
Burbank,CA,34.1879,-118.3235,91506 91504 91505 91502 91501 91503 91507 91508 91510 91521 91522 91523
El Cajon,CA,32.8017,-116.9604,92020 92021 92019
Rialto,CA,34.1175,-117.3892,92316 92376 92377
San Mateo,CA,37.5522,-122.3121,94404 94401 94402 94403 94497
Daly City,CA,37.6862,-122.4685,94015 94014 94016 94017
Vacaville,CA,38.3587,-121.9673,95687 95688
Norwalk,CA,33.9069,-118.0829,90650 90651 90652
Hesperia,CA,34.3975,-117.3147,92345 92344 92340
Vista,CA,33.1896,-117.2386,92084 92083 92081 92085
Arden-Arcade,CA,38.6017,-121.3845,95821 95864 95825 95860 95865 95866
Tracy,CA,37.7269,-121.4523,95377 95376 95304
Manteca,CA,37.7927,-121.2264,95337 95336
San Marcos,CA,33.135,-117.1743,92078 92096 92069 92079
Compton,CA,33.893,-118.2274,90220 90221 90222 90223
Carson,CA,33.8374,-118.2559,90248 90810 90747 90746 90745 90224 90749 90895
South Gate,CA,33.9447,-118.1926,90280
Chino,CA,33.9836,-117.6654,91708 91710
Santa Monica,CA,34.0235,-118.481,90401 90402 90403 90404 90405 90406 90407 90408 90409 90410 90411
Westminster,CA,33.7523,-117.9938,92655 92683 92684 92685
San Leandro,CA,37.7074,-122.1599,94578 94579 94577 94622
Citrus Heights,CA,38.6948,-121.288,95621 95610 95611
Hawthorne,CA,33.9147,-118.3476,90304 90250 90251 90310
Whittier,CA,33.9678,-118.0188,90603 90606 90602 90601 90605 90607 90608 90609
Livermore,CA,37.6868,-121.7607,94550 94551
Lake Forest,CA,33.6605,-117.6714,92610 92630 92609
San Ramon,CA,37.7624,-121.9365,94582 94583
Newport Beach,CA,33.6151,-117.8668,92662 92663 92660 92661 92625 92657 92658 92659
Buena Park,CA,33.8572,-118.0046,90621 90620 90622 90624
Madera,CA,36.963,-120.0778,93638 93637 93639
Redwood City,CA,37.5025,-122.2253,94065 94062 94063 94061
Mountain View,CA,37.4001,-122.0796,94043 94040 94041 94039 94042
Folsom,CA,38.6668,-121.1422,95630 95671 95763
Napa,CA,38.2975,-122.301,94559 94558 94581
Alhambra,CA,34.084,-118.1355,91803 91801 91802 91804 91896 91899
Rancho Cordova,CA,38.5737,-121.2527,95742 95670 95827 95741
Lakewood,CA,33.8471,-118.1222,90715 90712 90713 90711 90714
Turlock,CA,37.5053,-120.8588,95380 95382 95381
Davis,CA,38.5553,-121.737,95618 95616 95617
Perris,CA,33.7898,-117.2233,92570 92571 92572 92599
Tustin,CA,33.7311,-117.8107,92780 92782 92623 92781
Upland,CA,34.1178,-117.6604,91784 91786 91785
Milpitas,CA,37.4336,-121.8921,95035
Carmichael,CA,38.6318,-121.3263,95841 95628 95608 95609
Chino Hills,CA,33.9508,-117.7254,91709
Pleasanton,CA,37.6663,-121.8805,94566 94588
Bellflower,CA,33.888,-118.1271,90706 90707
Alameda,CA,37.7668,-122.267,94501 94502
Pittsburg,CA,38.0182,-121.8965,94565
Apple Valley,CA,34.5352,-117.2109,92308 92307
Camarillo,CA,34.223,-119.0321,93012 93010 93011
Lodi,CA,38.1218,-121.2932,95240 95242
Redlands,CA,34.0512,-117.1712,92359 92373 92374 92346 92375
Rocklin,CA,38.8075,-121.2489,95677 95765
Lake Elsinore,CA,33.6847,-117.3344,92570 92532 92530
Baldwin Park,CA,34.0829,-117.9722,91706
Dublin,CA,37.7161,-121.8963,94568
Eastvale,CA,33.9617,-117.5803,92880 91752
Tulare,CA,36.1995,-119.34,93274 93275
Redondo Beach,CA,33.8577,-118.3765,90278 90277
Walnut Creek,CA,37.9024,-122.0399,94597 94598 94596 94595
Porterville,CA,36.0643,-119.0338,93257
El Paso de Robles,CA,35.6394,-120.656,93446 93447
Hanford,CA,36.3274,-119.6549,93230
Union City,CA,37.6032,-122.0181,94552 94587
Yorba Linda,CA,33.889,-117.7714,92886 92887 92885
Palo Alto,CA,37.3905,-122.1468,94028 94022 94303 94301 94306 94304 94302
Watsonville,CA,36.9206,-121.7708,95076 95019 95077
Castro Valley,CA,37.7088,-122.0626,94546 94552 94578
Lynwood,CA,33.924,-118.2016,90262
Brentwood,CA,37.9356,-121.719,94513
South San Francisco,CA,37.6538,-122.4196,94080 94083
Laguna Niguel,CA,33.5275,-117.705,92677 92607
San Clemente,CA,33.4499,-117.6102,92673 92672 92674
La Habra,CA,33.9282,-117.9515,90631 90632 90633
Florence-Graham,CA,33.9682,-118.2447,90001 90002
Encinitas,CA,33.0492,-117.261,92007 92075 92024
Montebello,CA,34.0155,-118.1108,90640
Woodland,CA,38.6712,-121.75,95776 95695
La Mesa,CA,32.7703,-117.0204,91941 91942 91943 91944
Pico Rivera,CA,33.9901,-118.0888,90660 90661 90662
San Rafael,CA,37.9905,-122.5221,94901 94903 94912 94915
Gardena,CA,33.8943,-118.3072,90249 90247
Monterey Park,CA,34.0497,-118.1326,91755 91754 91756
Santee,CA,32.8554,-116.9851,92071 92040
Petaluma,CA,38.2423,-122.6266,94954 94952 94953
Cupertino,CA,37.3168,-122.0466,95014 95015 95108 95170
Highland,CA,34.1113,-117.165,92359 92410 92346
Fountain Valley,CA,33.7105,-117.9514,92708 92728
National City,CA,32.6654,-117.0983,92136 91950 91951
Arcadia,CA,34.1342,-118.0373,91006 91007 91066 91077
South Whittier,CA,33.9336,-118.0312,90604 90605
Hacienda Heights,CA,33.997,-117.9727,91745 91716
Beaumont,CA,33.9076,-116.9766,92223
San Jacinto,CA,33.797,-116.9916,92583 92582 92581
West Sacramento,CA,38.5557,-121.5505,95605 95691 95798 95799 95899
Yucaipa,CA,34.0336,-117.0429,92399
Colton,CA,34.0538,-117.3255,92324
Diamond Bar,CA,33.9992,-117.8161,91789 91765
Huntington Park,CA,33.98,-118.2167,90255
Novato,CA,38.092,-122.5575,94949 94945 94947 94998
Paramount,CA,33.8977,-118.1651,90723
Placentia,CA,33.8807,-117.8553,92870 92811 92871
Cathedral City,CA,33.8362,-116.4642,92276 92234 92235
Lincoln,CA,38.8774,-121.2937,95648
Palm Desert,CA,33.7378,-116.3695,92260 92211 92255
Glendora,CA,34.1449,-117.8467,91740 91741
Aliso Viejo,CA,33.5792,-117.7289,92656
Delano,CA,35.7662,-119.2635,93215
El Dorado Hills,CA,38.675,-121.049,95762 95682
Rosemead,CA,34.0689,-118.0823,91770 91771 91772
Covina,CA,34.0903,-117.8818,91724 91722 91723
Florin,CA,38.4832,-121.4043,95823 95828
Cypress,CA,33.8171,-118.0386,90630
Azusa,CA,34.1386,-117.9124,91702 91010
Antelope,CA,38.7153,-121.361,95843
Ceres,CA,37.5952,-120.962,95358 95351 95307
Poway,CA,32.9871,-117.0201,92064 92074
Cerritos,CA,33.8678,-118.0686,90703
San Luis Obispo,CA,35.2669,-120.669,93401 93405 93403 93406
North Highlands,CA,38.6713,-121.3721,95660 95841
Brea,CA,33.9254,-117.8655,92821 92823 92822
Rancho Santa Margarita,CA,33.6318,-117.5988,92679 92688
Newark,CA,37.5201,-122.0307,94560
La Mirada,CA,33.9025,-118.0093,90638 90639 90637
Rowland Heights,CA,33.9716,-117.8912,91748 91789
Los Banos,CA,37.063,-120.8406,93635
Morgan Hill,CA,37.1325,-121.6419,95037
Palm Springs,CA,33.8017,-116.5382,92262 92264 92258 92282 92263
Rohnert Park,CA,38.3479,-122.6965,94928 94927
Oakley,CA,37.9929,-121.6952,94561
El Centro,CA,32.7865,-115.5595,92243 92244
Lompoc,CA,34.6618,-120.4714,93436 93438
Danville,CA,37.8121,-121.9698,94506 94526
Hollister,CA,36.8555,-121.3986,95023 95024
Campbell,CA,37.2802,-121.9539,95008 95009 95011
Vineyard,CA,38.474,-121.324,95830 95829 95828
San Bruno,CA,37.6256,-122.4313,94066
Coachella,CA,33.6905,-116.143,92236
French Valley,CA,33.5999,-117.1069,92563 92596
Altadena,CA,34.1927,-118.1346,91104 91001 91003
Rancho Palos Verdes,CA,33.7554,-118.3634,90275
Culver City,CA,34.0058,-118.3968,90232 90230 90231
San Gabriel,CA,34.0949,-118.099,91775 91776 91778
Bell Gardens,CA,33.9663,-118.155,90201 90202 90205
Stanton,CA,33.8003,-117.9935,92804 90680
Calexico,CA,32.6849,-115.4944,92231 92232
La Quinta,CA,33.6536,-116.2785,92253 92202 92247 92248
Adelanto,CA,34.5814,-117.4397,92301
Montclair,CA,34.0715,-117.6981,91763
Monrovia,CA,34.165,-117.9921,91016 91017 91185
Pacifica,CA,37.6113,-122.4782,94044
La Puente,CA,34.0323,-117.9533,91746 91744 91747 91749
Foothill Farms,CA,38.6867,-121.3475,95842 95841
Wildomar,CA,33.6173,-117.2582,92595
Martinez,CA,37.9985,-122.1161,94553
La Presa,CA,32.711,-117.0027,91977
Claremont,CA,34.1259,-117.7153,91711
Moorpark,CA,34.2861,-118.8768,93021 93020
Temple City,CA,34.1022,-118.0579,91780
Orangevale,CA,38.6881,-121.2209,95662
West Hollywood,CA,34.0883,-118.3719,90069 90046 90048
San Juan Capistrano,CA,33.5008,-117.6544,92675 92693
Oildale,CA,35.4293,-119.0306,93308 93388
Manhattan Beach,CA,33.8894,-118.3967,90266 90267
Pleasant Hill,CA,37.9539,-122.0759,94523
Westmont,CA,33.9417,-118.3018,90044 90047
San Dimas,CA,34.1082,-117.809,91773
Foster City,CA,37.5553,-122.2659,94404
Dana Point,CA,33.4733,-117.6967,92629 92624
Bell,CA,33.9801,-118.1798,90201
Desert Hot Springs,CA,33.955,-116.5429,92240 92258 92282
Menlo Park,CA,37.4685,-122.1673,94025 94026
Los Gatos,CA,37.2304,-121.9562,95032 95030 95036
Lathrop,CA,37.809,-121.3131,95330 95231
Goleta,CA,34.4361,-119.8594,93117 93118
Fallbrook,CA,33.3693,-117.2259,92028 92088
Spring Valley,CA,32.7317,-116.9766,91977 91978 91979
Fair Oaks,CA,38.6504,-121.2496,95628
Atwater,CA,37.3529,-120.5959,95301
Beverly Hills,CA,34.0786,-118.4021,90211 90210 90212 90209
San Pablo,CA,37.9629,-122.3426,94806
Orcutt,CA,34.8691,-120.4222,93455 93457
Santa Paula,CA,34.3545,-119.0656,93060 93061
Lawndale,CA,33.8884,-118.3531,90260
Laguna Hills,CA,33.5918,-117.6991,92653
La Verne,CA,34.1207,-117.7703,91750
Los Altos,CA,37.3684,-122.0965,94022 94024 94023
Banning,CA,33.946,-116.8992,92220
Burlingame,CA,37.5859,-122.3667,94010 94011
Saratoga,CA,37.2684,-122.0263,95070 95071
San Carlos,CA,37.4982,-122.2677,94070
Monterey,CA,36.5919,-121.8808,93943 93944 93940
Atascadero,CA,35.4827,-120.6858,93422 93423
San Lorenzo,CA,37.6733,-122.1332,94541 94580
Eastern Goleta Valley,CA,34.4448,-119.7879,93111 93110 93160
Suisun City,CA,38.2473,-122.0091,94585
East Palo Alto,CA,37.4671,-122.1352,94303
Twentynine Palms,CA,34.1478,-116.0659,92277 92278
East Niles,CA,35.3683,-118.9225,93306 93307
Temescal Valley,CA,33.7581,-117.4677,92883
Ridgecrest,CA,35.6308,-117.6622,93555 93556
Walnut,CA,34.0334,-117.8593,91789 91788
Belmont,CA,37.5154,-122.2953,94002
Lemon Grove,CA,32.7331,-117.0344,91945 91946
Lemoore,CA,36.2949,-119.7983,93245
Brawley,CA,32.9783,-115.5287,92227
Benicia,CA,38.0725,-122.1526,94510
Sanger,CA,36.699,-119.5575,93657
Eureka,CA,40.7943,-124.1564,95503 95501 95521 95502 95534
South Pasadena,CA,34.1103,-118.1573,91030 91031
Hercules,CA,38.0064,-122.2564,94547 94572
Wasco,CA,35.5938,-119.3671,93280
Windsor,CA,38.5422,-122.8089,95492
North Tustin,CA,33.7636,-117.7947,92705 92780 92711
Imperial Beach,CA,32.5693,-117.118,91932 91933
El Cerrito,CA,37.9196,-122.3025,94530
Galt,CA,38.2698,-121.3004,95632
West Whittier-Los Nietos,CA,33.9759,-118.0689,90606 90610
Reedley,CA,36.5988,-119.4471,93654
Lafayette,CA,37.8919,-122.1189,94549
Norco,CA,33.9252,-117.5498,92860
Dinuba,CA,36.5453,-119.3987,93618
Barstow,CA,34.8661,-117.0471,92311
Mountain House,CA,37.7673,-121.5449,95391
Loma Linda,CA,34.045,-117.2498,92350 92354 92324 92373 92318 92357
Riverbank,CA,37.726,-120.9433,95367 95357
Seal Beach,CA,33.7542,-118.0714,90743 90740
Maywood,CA,33.9886,-118.1877,90270
Selma,CA,36.5715,-119.6143,93662
Soledad,CA,36.4432,-121.3426,93960
Bloomington,CA,34.0601,-117.4013,92316
Patterson,CA,37.4758,-121.1536,95363
Bay Point,CA,38.0329,-121.9615,94565
San Fernando,CA,34.2886,-118.4362,91340 91341
Ladera Ranch,CA,33.5492,-117.6417,92694
East San Gabriel,CA,34.1157,-118.0791,91775 91776
Rosemont,CA,38.5478,-121.3553,95827 95826
Linda,CA,39.1241,-121.5421,95961 95901
Oakdale,CA,37.7618,-120.8468,95361
Calabasas,CA,34.1375,-118.6689,91302 91372
Ramona,CA,33.0474,-116.8766,92065
Ashland,CA,37.6942,-122.1159,94541 94580 94578
Laguna Beach,CA,33.5455,-117.7613,92651 92652
Corcoran,CA,36.0841,-119.5613,93212
Millbrae,CA,37.5994,-122.4023,94030
West Rancho Dominguez,CA,33.9057,-118.2683,90061 90248 90059 90220
Cudahy,CA,33.9631,-118.183,90201 90096
Marina,CA,36.681,-121.7892,93933
Rancho San Diego,CA,32.7624,-116.9197,91941 92019
West Puente Valley,CA,34.0513,-117.9681,91746 91744
Winter Gardens,CA,32.8376,-116.9268,92021 92040
Duarte,CA,34.161,-117.9504,91010 91009
West Carson,CA,33.8229,-118.2931,90710 90502
Lakeside,CA,32.856,-116.904,92021 92040
Yucca Valley,CA,34.1234,-116.4216,92284
American Canyon,CA,38.1796,-122.2583,94503
Port Hueneme,CA,34.1618,-119.2036,93043 93041 93044
Willowbrook,CA,33.9209,-118.2356,90059 90222
Valinda,CA,34.04,-117.93,91744
Granite Bay,CA,38.7601,-121.1714,95746 95650
South Lake Tahoe,CA,38.9393,-119.9828,96150 96151 96152 96154 96157 96158
Stevenson Ranch,CA,34.3894,-118.5883,91381
Imperial,CA,32.839,-115.572,92251
Rosamond,CA,34.8658,-118.2155,93560
Shafter,CA,35.4794,-119.2013,93263
Lomita,CA,33.7933,-118.3175,90717
East Hemet,CA,33.7301,-116.941,92544
Lennox,CA,33.938,-118.3586,90304
La Cañada Flintridge,CA,34.2097,-118.2002,91011 91012
La Crescenta-Montrose,CA,34.2322,-118.2353,91214 91020 91021 91224
Agoura Hills,CA,34.151,-118.7609,91301 91376
Oroville,CA,39.4999,-121.5634,95965 95966 95940
Albany,CA,37.8897,-122.3018,94706
Greenfield,CA,36.3242,-121.2428,93927
Casa de Oro-Mount Helix,CA,32.764,-116.9688,91977 91941 92020 91976
Mead Valley,CA,33.8333,-117.2852,92570
Arvin,CA,35.1944,-118.8306,93203
Orinda,CA,37.8808,-122.179,94563
South El Monte,CA,34.0493,-118.0484,91733
Rosedale,CA,35.3886,-119.2058,93314
Santa Fe Springs,CA,33.9329,-118.0625,90670 90671
Prunedale,CA,36.8064,-121.6555,95076 95004 93907 95012
Valle Vista,CA,33.7436,-116.8871,92544
Hermosa Beach,CA,33.8653,-118.3962,90254
Dixon,CA,38.4469,-121.825,95620
Olivehurst,CA,39.0795,-121.5566,95961
Chowchilla,CA,37.1095,-120.2349,93610
Pinole,CA,37.9931,-122.2833,94564
Arcata,CA,40.8615,-124.0758,95521 95518
Coronado,CA,32.6649,-117.1604,92155 92135 92118 92178
Castaic,CA,34.4818,-118.6316,91384 91310
Arroyo Grande,CA,35.1241,-120.5845,93420 93421
Phelan,CA,34.4398,-117.5248,92371
Stanford,CA,37.4252,-122.1674,94305 94304 94309
Blythe,CA,33.6219,-114.6195,92225 92226
South San Jose Hills,CA,34.0123,-117.9043,91744
Rancho Mirage,CA,33.7635,-116.4271,92270
Coalinga,CA,36.142,-120.3242,93210
Laguna Woods,CA,33.6099,-117.7299,92637 92654
Cameron Park,CA,38.6738,-120.9872,95672 95682
Nipomo,CA,35.0319,-120.4985,93444
McKinleyville,CA,40.9488,-124.0857,95519
Woodcrest,CA,33.8789,-117.3687,92508 92503 92506 92504
Rio Linda,CA,38.6875,-121.4417,95673
Truckee,CA,39.3455,-120.1848,96161 96160
Live Oak,CA,36.986,-121.9804,95065 95062
El Segundo,CA,33.917,-118.4018,90245
Moraga,CA,37.8439,-122.1225,94556 94575 94570
Fillmore,CA,34.3989,-118.9174,93015 93016
Clearlake,CA,38.9589,-122.633,95422 95424
Bostonia,CA,32.8189,-116.948,92021
Kerman,CA,36.7248,-120.0625,93630
Ukiah,CA,39.1464,-123.2105,95482 95418
Ripon,CA,37.7417,-121.131,95366
Artesia,CA,33.8676,-118.0805,90701 90702
Parkway,CA,38.4993,-121.452,95823 94206
Alpine,CA,32.8439,-116.7585,91901 91903
Walnut Park,CA,33.9682,-118.222,90255
La Palma,CA,33.8504,-118.0407,90623
Coto de Caza,CA,33.5959,-117.586,92679
Discovery Bay,CA,37.9063,-121.599,94505
Vincent,CA,34.0983,-117.9238,91722 91702
Los Osos,CA,35.3065,-120.8242,93402 93412
Camp Pendleton South,CA,33.2329,-117.393,92058
Pacific Grove,CA,36.6188,-121.9259,93950
Susanville,CA,40.4206,-120.6132,96130 96127
Lemon Hill,CA,38.5172,-121.4573,95824
California City,CA,35.1578,-117.8721,93505 93504
Red Bluff,CA,40.1735,-122.2413,96080
Cherryland,CA,37.6792,-122.1038,94541
Parlier,CA,36.6087,-119.5434,93662 93648
Salida,CA,37.7083,-121.0842,95368 95356
Livingston,CA,37.3875,-120.7248,95334
Alamo,CA,37.8548,-122.0136,94507 94529
East Rancho Dominguez,CA,33.8949,-118.1956,90221
McFarland,CA,35.6781,-119.2413,93250
Grass Valley,CA,39.2238,-121.0522,95945 95949
Mill Valley,CA,37.9086,-122.5421,94941 94942
North Auburn,CA,38.9306,-121.082,95603 95602
Hawaiian Gardens,CA,33.8304,-118.0728,90716
Auburn,CA,38.895,-121.0777,95603
Isla Vista,CA,34.4128,-119.8614,93117
Oak Park,CA,34.185,-118.7669,91377
King City,CA,36.2164,-121.133,93930
Lamont,CA,35.2659,-118.9159,93307 93241
Lake Los Angeles,CA,34.6097,-117.8339,93535 93591
Avenal,CA,36.0311,-120.1162,93204 93239
Bonita,CA,32.6651,-117.0296,91910 91902
North Fair Oaks,CA,37.4754,-122.2034,94025 94063
El Sobrante,CA,33.8724,-117.4624,92503
Carpinteria,CA,34.3962,-119.5118,93013 93014
Grand Terrace,CA,34.0312,-117.3132,92313
Palos Verdes Estates,CA,33.7872,-118.3973,90274
Avocado Heights,CA,34.0391,-117.997,91746 90601
Larkspur,CA,37.9393,-122.5312,94939 94904 94977
Solana Beach,CA,32.9943,-117.2574,92075 92014
Emeryville,CA,37.8382,-122.2932,94608 94662
San Anselmo,CA,37.9821,-122.5699,94960 94978 94979
Marysville,CA,39.1518,-121.5835,95901
Grover Beach,CA,35.1204,-120.6197,93433 93483
Diamond Springs,CA,38.692,-120.8391,95667 95623 95619
Kingsburg,CA,36.5244,-119.5602,93631
Lindsay,CA,36.2082,-119.0897,93247
Mendota,CA,36.7555,-120.3776,93640
Big Bear City,CA,34.2536,-116.7903,92314 92386
Fortuna,CA,40.5862,-124.1419,95540
Tehachapi,CA,35.1276,-118.4744,93581 93561
Newman,CA,37.3156,-121.0212,95360
San Marino,CA,34.1224,-118.1132,91108 91118
Tamalpais-Homestead Valley,CA,37.8793,-122.5382,94941
Scotts Valley,CA,37.0555,-122.0118,95066
Commerce,CA,33.9963,-118.1519,90040 90022 90023 90091
Rossmoor,CA,33.7887,-118.0803,90720
Los Alamitos,CA,33.7971,-118.0592,90720 90721
View Park-Windsor Hills,CA,33.9955,-118.3483,90008 90043 90056
University of California-Santa Barbara,CA,34.4151,-119.8568,93117 93106 93107
Alum Rock,CA,37.3694,-121.8238,95127
Lakeland Village,CA,33.648,-117.3706,92530
Signal Hill,CA,33.803,-118.1681,90755
La Riviera,CA,38.5683,-121.3544,95827 95826
Half Moon Bay,CA,37.4685,-122.4382,94019
Home Gardens,CA,33.8783,-117.5116,92503 92879
Winton,CA,37.3854,-120.6173,95388 95344
Muscoy,CA,34.1552,-117.3477,92407
Rancho Mission Viejo,CA,33.514,-117.5618,92694
Anderson,CA,40.4497,-122.295,96007
Healdsburg,CA,38.6224,-122.8651,95448
Hillsborough,CA,37.5572,-122.3586,94010
Del Aire,CA,33.9167,-118.3693,90304 90250
Canyon Lake,CA,33.6885,-117.2621,92570 92587
Sierra Madre,CA,34.1687,-118.0504,91024 91025
Piedmont,CA,37.8225,-122.2301,94611 94610
Sun Village,CA,34.5596,-117.9558,93543
Quartz Hill,CA,34.6527,-118.2163,93536 93586
Clayton,CA,37.9404,-121.9301,94517
Citrus,CA,34.116,-117.8891,91722 91702
Lake Arrowhead,CA,34.2531,-117.1944,92391 92378 92317 92385 92352 92321
Placerville,CA,38.7308,-120.7979,95667
Sonoma,CA,38.2902,-122.4598,95476
Morro Bay,CA,35.3682,-120.8482,93442 93443
Soquel,CA,36.9978,-121.9483,95073 95003
Calimesa,CA,33.9874,-117.0542,92320
Potomac Park,CA,35.3636,-118.965,93307
Delhi,CA,37.4306,-120.7759,95315
Malibu,CA,34.037,-118.7839,90265
Golden Hills,CA,35.1409,-118.4968,93561
Crestline,CA,34.2486,-117.2887,92391 92407 92322 92325
Garden Acres,CA,37.9637,-121.2296,95215
Blackhawk,CA,37.8159,-121.9071,94506
East Bakersfield,CA,35.3832,-118.9743,93305
Farmersville,CA,36.305,-119.2083,93223
Shasta Lake,CA,40.679,-122.3775,96019 96089
Valley Center,CA,33.233,-117.0158,92082
Exeter,CA,36.2941,-119.1459,93221
Hillcrest,CA,35.379,-118.9578,93306 93386
San Diego Country Estates,CA,33.0094,-116.7874,92065
Corte Madera,CA,37.9238,-122.5128,94925 94976
Spring Valley Lake,CA,34.4987,-117.2683,92395
East Whittier,CA,33.9244,-117.9887,90604
Fairview,CA,37.6758,-122.0473,94541 94542
Country Club,CA,37.9687,-121.3408,95204
Rio Vista,CA,38.1765,-121.7025,94571
Capitola,CA,36.9773,-121.9537,95010
Madera Acres,CA,37.0123,-120.0799,93638
Orange Cove,CA,36.6211,-119.3188,93646
Mentone,CA,34.0609,-117.1108,92359 92374
Charter Oak,CA,34.1025,-117.8564,91724
Waterford,CA,37.6429,-120.7553,95386
West Athens,CA,33.9235,-118.3033,90044 90047
Tiburon,CA,37.8854,-122.4637,94920
Rio del Mar,CA,36.9607,-121.8807,95003
Cloverdale,CA,38.7962,-123.0152,95425
Larkfield-Wikiup,CA,38.513,-122.7536,95403 95404
Marina del Rey,CA,33.9765,-118.4486,90292
Montecito,CA,34.4384,-119.6309,93108 93150
Fort Irwin,CA,35.2477,-116.6834,92310
Topanga,CA,34.0965,-118.6053,90290 90265
Rodeo,CA,38.0367,-122.2526,94525 94572
Orosi,CA,36.5433,-119.2914,93647
East Foothills,CA,37.3826,-121.8138,95127
Templeton,CA,35.556,-120.7181,93446 93465
La Cresta,CA,35.3972,-118.9892,93305
Gonzales,CA,36.5055,-121.4427,93926
August,CA,37.9797,-121.2625,95205
Plumas Lake,CA,38.9845,-121.5634,95961
Guadalupe,CA,34.9609,-120.5735,93434
Los Altos Hills,CA,37.3669,-122.1387,94022 94024
Good Hope,CA,33.7706,-117.2771,92570
Firebaugh,CA,36.8533,-120.4535,93622
Alondra Park,CA,33.8885,-118.335,90249 90260 90506
Orland,CA,39.7461,-122.1856,95963
Oak Hills,CA,34.391,-117.4123,92344
Interlaken,CA,36.9505,-121.7363,95076
Corning,CA,39.9283,-122.1819,96021
University of California-Davis,CA,38.5378,-121.7579,95616
Rolling Hills Estates,CA,33.7783,-118.3509,90274
Midway City,CA,33.7452,-117.9849,92655
South San Gabriel,CA,34.0488,-118.0961,91770
Bermuda Dunes,CA,33.7435,-116.2874,92203
Pismo Beach,CA,35.1487,-120.6493,93449 93448
Yreka,CA,41.7291,-122.6312,96097
Westlake Village,CA,34.1369,-118.822,91361 91362
Magalia,CA,39.8228,-121.6078,95954
Acton,CA,34.4956,-118.1858,93510
Earlimart,CA,35.8914,-119.2721,93219
Thousand Palms,CA,33.815,-116.3545,92276
Gold River,CA,38.6268,-121.2488,95670
Woodlake,CA,36.4122,-119.1,93286
Ojai,CA,34.4488,-119.2469,93023 93024
Hughson,CA,37.602,-120.866,95326
Cotati,CA,38.3278,-122.7092,94931 94926
California Polytechnic State University,CA,35.3053,-120.6655,93410 93405 93407
Fairfax,CA,37.9886,-122.5952,94930
Franklin,CA,37.3275,-120.5321,95348
Sebastopol,CA,38.4001,-122.8275,95472 95473
Winters,CA,38.532,-121.9781,95694
Escalon,CA,37.7912,-120.9982,95320
Gridley,CA,39.3622,-121.6971,95948
Oroville East,CA,39.4947,-121.4866,95966
Heber,CA,32.7325,-115.5294,92249
Cherry Valley,CA,33.9797,-116.9694,92223
Mira Monte,CA,34.4312,-119.2878,93023
Ladera Heights,CA,33.9972,-118.374,90230 90056
Mammoth Lakes,CA,37.6273,-118.99,93546
Taft,CA,35.1268,-119.4243,93268
San Martin,CA,37.0829,-121.5963,95046 95020 95038
Sausalito,CA,37.8581,-122.4933,94965 94966
Cottonwood,CA,40.3903,-122.3156,96022
Highgrove,CA,34.0106,-117.3098,92507
Piñon Hills,CA,34.4437,-117.6214,92371 92372
Kentfield,CA,37.9481,-122.5497,94939 94904 94914 94974
Contra Costa Centre,CA,37.926,-122.054,94597 94598
Oceano,CA,35.1019,-120.6088,93445 93420 93475
South Monrovia Island,CA,34.1234,-117.9958,91016 91010
Mecca,CA,33.5767,-116.0645,92254
Alta Sierra,CA,39.1237,-121.0523,95949
Boyes Hot Springs,CA,38.3126,-122.4888,95476 95416
Atherton,CA,37.454,-122.2031,94027
Fort Bragg,CA,39.4399,-123.8013,95437
Garnet,CA,33.9179,-116.4796,92240 92241
Fowler,CA,36.6243,-119.6737,93625
Castroville,CA,36.7649,-121.7534,95012
Ben Lomond,CA,37.0782,-122.0881,95005 95018
Loomis,CA,38.8093,-121.1955,95650
Paradise,CA,39.7558,-121.6063,95969 95967
Vandenberg Village,CA,34.7111,-120.4622,93436
Joshua Tree,CA,34.1236,-116.3128,92252
Lake Mathews,CA,33.825,-117.3683,92570 92504
Nuevo,CA,33.8011,-117.1414,92567
Thermalito,CA,39.4909,-121.615,95965
Rancho Calaveras,CA,38.1248,-120.857,95252
Jamul,CA,32.7184,-116.8709,91978 91935 92022
Calipatria,CA,33.1493,-115.5055,92233
Desert Palms,CA,33.7789,-116.293,92211
Colusa,CA,39.2059,-122.0125,95932
Huron,CA,36.2041,-120.0961,93234
Camino Tassajara,CA,37.7909,-121.8851,94506
El Rio,CA,34.2453,-119.1568,93036
Lucas Valley-Marinwood,CA,38.0405,-122.5765,94903 94913
Hilmar-Irwin,CA,37.4045,-120.8504,95324
Salton City,CA,33.2994,-115.9609,92275 92274
Willows,CA,39.5149,-122.1995,95988
Wilton,CA,38.413,-121.2127,95693
Crescent City,CA,41.7728,-124.1902,95531 95532
Aptos,CA,36.9912,-121.8934,95003 95001
Gustine,CA,37.2545,-120.9949,95322
Durham,CA,39.6232,-121.7875,95965 95958 95928 95938
Homeland,CA,33.7459,-117.1132,92548
Pollock Pines,CA,38.7575,-120.5921,95726 95709
Happy Valley,CA,40.4662,-122.4207,96007
Cambria,CA,35.552,-121.0838,93428
Solvang,CA,34.5935,-120.1401,93463
Las Flores,CA,33.584,-117.6237,92688
Oak View,CA,34.403,-119.299,93022
Eucalyptus Hills,CA,32.885,-116.9453,92040
Lucerne Valley,CA,34.4427,-116.9021,92356
Hidden Valley Lake,CA,38.8005,-122.5505,95457 95461 95467
Bonadelle Ranchos,CA,36.9688,-119.8927,93636
Lemoore Station,CA,36.2633,-119.9048,93246 93245
Pleasure Point,CA,36.9619,-121.9715,95062
Silver Lakes,CA,34.7515,-117.343,92342
Bear Valley Springs,CA,35.174,-118.6532,93561
Villa Park,CA,33.818,-117.8104,92861
Dos Palos,CA,36.9854,-120.6338,93620
Saranap,CA,37.8878,-122.076,94595
Benton Park,CA,35.3463,-119.0297,93304
Fruitridge Pocket,CA,38.5326,-121.4558,95820
West Modesto,CA,37.6178,-121.0346,95358 95351
Holtville,CA,32.8129,-115.3779,92250
Rancho Murieta,CA,38.5085,-121.0716,95683
East Pasadena,CA,34.1378,-118.0776,91107
Williams,CA,39.1498,-122.1389,95987
McSwain,CA,37.3145,-120.5868,95341 95301
La Habra Heights,CA,33.9603,-117.951,90631
Strawberry,CA,37.8925,-122.5078,94941
Palermo,CA,39.4313,-121.5225,95968 95965 95966
Old Fig Garden,CA,36.7989,-119.8052,93704 93705
St. Helena,CA,38.5063,-122.4682,94574
Boulder Creek,CA,37.1341,-122.1272,95006
Keyes,CA,37.5573,-120.9114,95328 95382 95307
Ione,CA,38.3613,-120.9422,95640
Mayflower Village,CA,34.116,-118.0096,91016 91006
Kensington,CA,37.9083,-122.2805,94708 94707
El Granada,CA,37.5134,-122.4657,94019 94018
Woodside,CA,37.4221,-122.2586,94062
Mayfair,CA,36.7694,-119.7612,93703
Calistoga,CA,38.5818,-122.5824,94515
Yosemite Lakes,CA,37.1885,-119.7723,93614
Buellton,CA,34.6152,-120.1943,93427
Lakeport,CA,39.0392,-122.9218,95453
Denair,CA,37.5254,-120.7974,95316
Jackson,CA,38.3485,-120.7728,95642
Running Springs,CA,34.2104,-117.1147,92382
Big Bear Lake,CA,34.2429,-116.8951,92315
Myrtletown,CA,40.7888,-124.1286,95503 95501
Lake of the Pines,CA,39.0357,-121.059,95602
Sunnyside,CA,36.7294,-119.6945,93727
Lake San Marcos,CA,33.1197,-117.209,92078
Lake Wildwood,CA,39.2349,-121.2002,95946
Sonora,CA,37.9819,-120.3828,95370
Oakhurst,CA,37.3475,-119.6202,93644
Willits,CA,39.4047,-123.3494,95490
Tara Hills,CA,37.9939,-122.3188,94806
Wrightwood,CA,34.3495,-117.63,92397
Twin Lakes,CA,36.9646,-121.9896,95062
Goshen,CA,36.3493,-119.4206,93291 93227
Needles,CA,34.8164,-114.6189,92363
Indian Wells,CA,33.7036,-116.3396,92210
Bret Harte,CA,37.6021,-121.0045,95358
Mather,CA,38.5488,-121.2831,95655 95827
Santa Ynez,CA,34.6168,-120.0948,93463 93460
Brisbane,CA,37.6902,-122.4021,94005
Pacheco,CA,37.9878,-122.07,94553
Copperopolis,CA,37.9488,-120.6352,95228
East Porterville,CA,36.0581,-118.9749,93257
Greenacres,CA,35.3831,-119.1184,93312
Guerneville,CA,38.5137,-122.9894,95446 95471
Phoenix Lake,CA,38.0076,-120.309,95370
Broadmoor,CA,37.6916,-122.4814,94015
Oasis,CA,33.5275,-116.1261,92274
Mojave,CA,35.0139,-118.1896,93501 93502
Carmel Valley Village,CA,36.4824,-121.7198,93924 93922
Ivanhoe,CA,36.3834,-119.22,93235
Emerald Lake Hills,CA,37.4662,-122.2674,94062 94064
Brooktrails,CA,39.4429,-123.3963,95490
Portola Valley,CA,37.3711,-122.2202,94028
Ford City,CA,35.1647,-119.4584,93268
Bonsall,CA,33.2764,-117.1941,92003 92084
Coarsegold,CA,37.2401,-119.7021,93614
Clearlake Riviera,CA,38.9513,-122.7208,95451
Elverta,CA,38.7185,-121.4455,95626
Harbison Canyon,CA,32.8273,-116.8381,92021 92019 91901
Kelseyville,CA,38.9704,-122.8328,95451
Madera Ranchos,CA,36.9279,-119.8773,93636
North El Monte,CA,34.1029,-118.0239,91780 91006
Bystrom,CA,37.6198,-120.9813,95351
Armona,CA,36.3166,-119.7054,93202 93230
Cutler,CA,36.5247,-119.2889,93615
San Miguel,CA,37.8867,-122.0368,94596
Meiners Oaks,CA,34.4553,-119.2702,93023
Lincoln Village,CA,38.0054,-121.334,95207
Santa Venetia,CA,38.0056,-122.5033,94901 94903
North Richmond,CA,37.9641,-122.3711,94801
Del Mar,CA,32.9635,-117.2624,92014
Morongo Valley,CA,34.0724,-116.5627,92256
Lockeford,CA,38.1508,-121.1554,95240 95237
Hidden Meadows,CA,33.2237,-117.1198,92026
Loyola,CA,37.3503,-122.0979,94024
Woodbridge,CA,38.1692,-121.3113,95258 95241
Empire,CA,37.6432,-120.9073,95319 95357
Granite Hills,CA,32.8033,-116.9056,92021 92019
Forestville,CA,38.4825,-122.8899,95436
Auburn Lake Trails,CA,38.8916,-120.9849,95614
Bella Vista,CA,40.6427,-122.246,96008 96003 96073
Lake California,CA,40.3608,-122.2102,96022
Pixley,CA,35.9785,-119.3003,93256
Mission Hills,CA,34.6861,-120.4404,93436
Bishop,CA,37.3665,-118.3958,93514 93515
Wheatland,CA,39.0287,-121.39,95692
Jamestown,CA,37.9574,-120.411,95370 95327
Idyllwild-Pine Cove,CA,33.7443,-116.7258,92549
Old Stine,CA,35.3478,-119.047,93309
Cambrian Park,CA,37.2563,-121.9287,95124
Esparto,CA,38.6934,-122.0241,95627
San Joaquin,CA,36.6057,-120.1897,93660
Felton,CA,37.0392,-122.0808,95018
Angels,CA,38.0706,-120.5501,95222 95221
Winchester,CA,33.7146,-117.0775,92545 92596
Lenwood,CA,34.8861,-117.1078,92311
Mono Vista,CA,38.0123,-120.2697,95370
Vandenberg AFB,CA,34.7477,-120.519,93437
Rexland Acres,CA,35.3051,-118.997,93307
Lake Isabella,CA,35.6378,-118.482,93285 93240
Crockett,CA,38.0519,-122.2201,94525
Desert Edge,CA,33.9223,-116.4401,92241
Rollingwood,CA,37.9654,-122.3306,94806
Vine Hill,CA,38.007,-122.0873,94553
Marin City,CA,37.871,-122.5137,94965
Squaw Valley,CA,36.6997,-119.1995,93675
Del Monte Forest,CA,36.5854,-121.9434,93953
Palo Cedro,CA,40.5658,-122.2425,96073
Planada,CA,37.2902,-120.3217,95365 95333
Day Valley,CA,37.0255,-121.8559,95076 95003
Buckhorn,CA,38.4548,-120.5323,95666 95644
Seacliff,CA,36.977,-121.9176,95003
Shingle Springs,CA,38.6665,-120.9371,95682
French Camp,CA,37.8803,-121.2803,95231
San Antonio Heights,CA,34.1573,-117.6592,91784
Sage,CA,33.5983,-116.9154,92544 92543
Lake Nacimiento,CA,35.7308,-120.8695,93446
Monte Sereno,CA,37.2405,-121.9881,95030
Fetters Hot Springs-Agua Caliente,CA,38.3274,-122.4871,95476
Humboldt Hill,CA,40.7219,-124.1987,95503
Yountville,CA,38.3963,-122.3671,94599
Desert View Highlands,CA,34.5903,-118.1535,93551
West Menlo Park,CA,37.4339,-122.2034,94025
North Shore,CA,33.5157,-115.9092,92254
Avalon,CA,33.3342,-118.3315,90704
Rio Dell,CA,40.5023,-124.1105,95540 95562
Meadowbrook,CA,33.7253,-117.2851,92570
Meadow Vista,CA,39.0029,-121.0303,95722
Morada,CA,38.0386,-121.2456,95212
East Richmond Heights,CA,37.945,-122.314,94805
Pine Grove,CA,38.403,-120.6571,95665
Strathmore,CA,36.1461,-119.0644,93267
Las Lomas,CA,36.8688,-121.7317,95076
North Lakeport,CA,39.0883,-122.9053,95453
Cutten,CA,40.7657,-124.1445,95503
Freedom,CA,36.9403,-121.7953,95076 95019
Arbuckle,CA,39.0141,-122.061,95912
Mount Shasta,CA,41.3206,-122.315,96067
Pine Hills,CA,40.7313,-124.1551,95503
Weaverville,CA,40.7407,-122.929,96093
Hayfork,CA,40.561,-123.1298,96041
Carmel-by-the-Sea,CA,36.5528,-121.9222,93923 93921
Dogtown,CA,38.2096,-121.1551,95220
Nevada City,CA,39.2607,-121.0231,95959
Lucerne,CA,39.0698,-122.7746,95458
Mountain View Acres,CA,34.4976,-117.3472,92392
El Verano,CA,38.2975,-122.4915,95476 95433
Tarpey Village,CA,36.7941,-119.7012,93727
Cottonwood,CA,35.3464,-118.9851,93307
Val Verde,CA,34.4504,-118.6717,91384
Ridgemark,CA,36.8082,-121.3623,95023
Auberry,CA,37.0853,-119.4495,93602
Crest,CA,32.8,-116.8671,92021 92019
Moss Beach,CA,37.5184,-122.5036,94038
Kelly Ridge,CA,39.5289,-121.4662,95966
Reliez Valley,CA,37.9399,-122.1027,94549
Tipton,CA,36.0572,-119.3135,93272
Parksdale,CA,36.9465,-120.0212,93638
Dixon Lane-Meadow Creek,CA,37.3864,-118.4153,93514
Bonny Doon,CA,37.0436,-122.137,95060
Channel Islands Beach,CA,34.1625,-119.2241,93035
Burney,CA,40.8846,-121.6691,96013
North Fork,CA,37.2306,-119.5199,93669 93643
Lake Shastina,CA,41.5213,-122.3756,96094
Amesti,CA,36.9583,-121.7805,95076
Montara,CA,37.5483,-122.4923,94037
San Andreas,CA,38.1911,-120.6763,95249
Aromas,CA,36.8771,-121.6404,95004
East Sonora,CA,37.9774,-120.3409,95370
South Oroville,CA,39.4767,-121.5439,95966
Riverdale,CA,36.4304,-119.8671,93656
Fairbanks Ranch,CA,32.9919,-117.1859,92067
Coronita,CA,33.876,-117.6109,92882
Borrego Springs,CA,33.241,-116.3571,92004
Lexington Hills,CA,37.1617,-121.9879,95033 95026 95044
Angwin,CA,38.5776,-122.4513,94508
Pepperdine University,CA,34.0422,-118.7091,90263 90265
Homestead Valley,CA,34.273,-116.4146,92284 92285
Agua Dulce,CA,34.5044,-118.316,91390
Weed,CA,41.4127,-122.3816,96094
Callender,CA,35.048,-120.576,93420
Pine Mountain Lake,CA,37.8599,-120.1844,95321
Campo,CA,32.6394,-116.4744,91906
Santa Rosa Valley,CA,34.2459,-118.9018,93012
Bayview,CA,40.7654,-124.1787,95503
Alturas,CA,41.4898,-120.5516,96101
Kennedy,CA,37.929,-121.2456,95205 95206
West Bishop,CA,37.3571,-118.4542,93514
Sutter Creek,CA,38.3827,-120.8106,95685
Sutter,CA,39.1556,-121.7493,95982
Weedpatch,CA,35.2369,-118.9123,93307 93241
Pine Mountain Club,CA,34.8446,-119.1669,93222
Columbia,CA,38.0333,-120.4096,95310 95370
Sleepy Hollow,CA,38.0121,-122.5878,94960
Casa Conejo,CA,34.1848,-118.9445,91320
Boron,CA,35.0161,-117.6661,93516 93596
Ross,CA,37.9638,-122.5615,94957
Georgetown,CA,38.9112,-120.8356,95634
Rancho Santa Fe,CA,33.024,-117.1992,92067
Edwards AFB,CA,34.9045,-117.9294,93523 93524
Pine Canyon,CA,36.1757,-121.1498,93930
Highlands,CA,37.5201,-122.3459,94402
South Taft,CA,35.1293,-119.4575,93268
Weldon,CA,35.6431,-118.3102,93283
China Lake Acres,CA,35.6387,-117.7668,93555
La Selva Beach,CA,36.9275,-121.8444,95076
Nice,CA,39.1266,-122.8525,95485 95464
Cayucos,CA,35.4375,-120.8846,93442 93430
Kings Beach,CA,39.245,-120.0203,96143
Rose Hills,CA,34.0089,-118.0419,90601
Pajaro,CA,36.9017,-121.7417,95076
Portola,CA,39.8241,-120.4733,96122
Janesville,CA,40.2993,-120.5024,96114
Sky Valley,CA,33.8913,-116.3551,92241
Lewiston,CA,40.6969,-122.8225,96052
Romoland,CA,33.7648,-117.1572,92585
Vista Santa Rosa,CA,33.6226,-116.2126,92274 92236
Belvedere,CA,37.8735,-122.4662,94920
Easton,CA,36.6524,-119.7908,93725 93706
Twain Harte,CA,38.0384,-120.234,95370 95383
Loma Rica,CA,39.3204,-121.4038,95901
East Oakdale,CA,37.7855,-120.8009,95361
Frazier Park,CA,34.8118,-118.9549,93225
Three Rivers,CA,36.4334,-118.8885,93271 93237
Mission Canyon,CA,34.4549,-119.7121,93105
Hamilton City,CA,39.7427,-122.011,95951
Piru,CA,34.4064,-118.8019,93040 93015
Arnold,CA,38.2465,-120.3479,95223
Hoopa,CA,41.0803,-123.6972,95546
Biggs,CA,39.4102,-121.7134,95917
Boronda,CA,36.6947,-121.6745,93907
Camanche Village,CA,38.2662,-120.9866,95640
Stallion Springs,CA,35.0922,-118.6586,93561
Wofford Heights,CA,35.7127,-118.4731,93285
East Quincy,CA,39.9165,-120.9189,95971
Bertsch-Oceanview,CA,41.7524,-124.1594,95531
Bodfish,CA,35.5765,-118.4764,93205
Shingletown,CA,40.5035,-121.86,96088
Lakeview,CA,33.8285,-117.1233,92567
Clearlake Oaks,CA,39.0218,-122.6593,95423
Bethel Island,CA,38.0289,-121.6404,94511
Caruthers,CA,36.5399,-119.845,93609
Calwa,CA,36.7137,-119.7607,93725
Richgrove,CA,35.7966,-119.1069,93261
Penngrove,CA,38.3006,-122.6707,94951
San Juan Bautista,CA,36.845,-121.5371,95045
Redwood Valley,CA,39.2689,-123.2023,95470
Collierville,CA,38.2141,-121.2675,95632 95220
Parkwood,CA,36.9293,-120.0482,93637
Colfax,CA,39.0938,-120.9532,95713
Soulsbyville,CA,37.9917,-120.2617,95372 95383
Montalvin Manor,CA,37.9977,-122.33,94806
Hidden Hills,CA,34.1637,-118.6612,91302
Centerville,CA,40.543,-122.4638,96001
Linden,CA,38.0186,-121.0994,95236
Harmony Grove,CA,33.1007,-117.1381,92078 92029
Poplar-Cotton Center,CA,36.0577,-119.1502,93257 93258
Chester,CA,40.3017,-121.2339,96020
Knightsen,CA,37.9633,-121.6511,94548 94513
San Pasqual,CA,34.1393,-118.1027,91107
Cabazon,CA,33.9127,-116.7828,92230
Woodlands,CA,35.0289,-120.5524,93444
Aptos Hills-Larkin Valley,CA,36.9606,-121.834,95076 95003
Forest Ranch,CA,39.8952,-121.6704,95942
Camino,CA,38.7422,-120.6808,95709
Hartley,CA,38.4203,-121.952,95688
Sonoma State University,CA,38.3406,-122.6729,94928
Allendale,CA,38.4427,-121.9815,95688
Meyers,CA,38.8344,-120.0189,96150
Corralitos,CA,36.9941,-121.7892,95076
Home Garden,CA,36.3028,-119.637,93230
Bell Canyon,CA,34.2082,-118.6876,91307
Byron,CA,37.8757,-121.6422,94514 94513
Lost Hills,CA,35.6254,-119.6788,93249
Yosemite Valley,CA,37.7407,-119.5779,95389
Anza,CA,33.5678,-116.6966,92539
Casa Loma,CA,35.3433,-118.9987,93307
Murphys,CA,38.1371,-120.4488,95247
Graton,CA,38.4375,-122.866,95444 95472
Lagunitas-Forest Knolls,CA,38.018,-122.6912,94963 94938 94933
Rainbow,CA,33.4098,-117.1395,92028
Bakersfield Country Club,CA,35.3899,-118.9409,93306
Le Grand,CA,37.2288,-120.254,95333
Woodville,CA,36.0927,-119.2012,93274 93257
Toro Canyon,CA,34.4354,-119.5562,93013 93108
Westmorland,CA,33.0389,-115.6223,92281
London,CA,36.4805,-119.445,93618
Searles Valley,CA,35.77,-117.3967,93562
Temelec,CA,38.2577,-122.4982,95476
Santa Nella,CA,37.1012,-121.0157,95322
Elizabeth Lake,CA,34.6589,-118.3785,93532
Descanso,CA,32.8696,-116.6279,91916
McClellan Park,CA,38.6629,-121.4016,95652
Middletown,CA,38.7518,-122.6221,95461
Terra Bella,CA,35.96,-119.0387,93270
Sunnyside-Tahoe City,CA,39.1507,-120.1596,96145
Seeley,CA,32.7893,-115.6843,92243 92273
Fairfax,CA,35.3469,-118.9339,93307
Pine Valley,CA,32.8415,-116.5107,91962
South Dos Palos,CA,36.9707,-120.6467,93620 93665
Newcastle,CA,38.8677,-121.1318,95658
Los Molinos,CA,40.027,-122.0981,96055
Taft Heights,CA,35.1337,-119.4711,93268
Quincy,CA,39.931,-120.9548,95971
Woodacre,CA,38.0052,-122.6384,94973
Parklawn,CA,37.6071,-120.9803,95358
Garberville,CA,40.1003,-123.7948,95542
Black Point-Green Point,CA,38.1121,-122.5194,94945
Leona Valley,CA,34.6147,-118.299,93551
Del Rio,CA,37.7432,-121.0084,95356
Del Rey Oaks,CA,36.5913,-121.829,93940 93955
Ahwahnee,CA,37.3654,-119.7166,93601 93644
Ferndale,CA,40.5781,-124.2612,95536
Los Ranchos,CA,35.2104,-120.6295,93401
Dunsmuir,CA,41.2317,-122.2715,96025
Lake Sherwood,CA,34.134,-118.8804,91361
Cedar Ridge,CA,38.066,-120.2737,95370
Del Rey,CA,36.6565,-119.5981,93616
Rolling Hills,CA,33.7601,-118.3471,90274
Warm Springs,CA,33.7067,-117.3343,92532
Monument Hills,CA,38.6641,-121.8754,95695
Covelo,CA,39.8025,-123.2499,95428
Julian,CA,33.0735,-116.5889,92036
Diablo Grande,CA,37.4009,-121.2629,95363
Montague,CA,41.7275,-122.5302,96064
Forest Meadows,CA,38.1717,-120.399,95247
Baywood Park,CA,37.5292,-122.3417,94402
Patterson Tract,CA,36.3795,-119.2956,93291
Big Pine,CA,37.1655,-118.2951,93513
Saticoy,CA,34.2819,-119.1454,93004
Foresthill,CA,39.0053,-120.8314,95631
Sheridan,CA,38.9695,-121.3552,95681 95648
Lake Riverside,CA,33.5173,-116.8107,92536
Green Valley,CA,38.2607,-122.1622,94534
Colma,CA,37.6767,-122.4528,94014
Thermal,CA,33.6262,-116.1309,92274
Tuolumne City,CA,37.9615,-120.2428,95379
Inverness,CA,38.0821,-122.8471,94937 94956
Niland,CA,33.2387,-115.5146,92257
Grizzly Flats,CA,38.6358,-120.5354,95636
Trabuco Canyon,CA,33.6782,-117.5939,92676 92679 92678
Westhaven-Moonstone,CA,41.0447,-124.1023,95570
Lone Pine,CA,36.5774,-118.0777,93545
Avila Beach,CA,35.1969,-120.7191,93405 93424
Irwindale,CA,34.1121,-117.9636,91706 91010
Fort Dick,CA,41.8663,-124.1526,95538 95531
Shasta,CA,40.5911,-122.4797,96001 96087
Clay,CA,38.314,-121.1596,95638
Dollar Point,CA,39.1899,-120.1083,96145
West Park,CA,36.7055,-119.8516,93706 93773
Brookdale,CA,37.1057,-122.1106,95007 95005
Castle Hill,CA,37.8747,-122.0585,94595
Littlerock,CA,34.5232,-117.9808,93543
Redway,CA,40.1208,-123.822,95560
Smith River,CA,41.9233,-124.149,95567
Red Corral,CA,38.4121,-120.6072,95666 95665
Somis,CA,34.2652,-118.9984,93066
Airport,CA,37.6337,-120.972,95354
Whitewater,CA,33.9356,-116.6873,92282
Hasley Canyon,CA,34.4817,-118.6665,91384
Buttonwillow,CA,35.4092,-119.4406,93206
March ARB,CA,33.8888,-117.2776,92571 92518
Plymouth,CA,38.4776,-120.8584,95669
Summerland,CA,34.4244,-119.5938,93067 93108
Jones Valley,CA,40.6999,-122.2405,96003
Pioneer,CA,38.4337,-120.586,95666
Orange Blossom,CA,37.8097,-120.7115,95361
Rouse,CA,37.6196,-121.0084,95351
Upper Lake,CA,39.1655,-122.9052,95485
Mount Hermon,CA,37.051,-122.0533,95018 95066 95041
Fruitdale,CA,37.3116,-121.9357,95128
Mariposa,CA,37.4912,-119.9722,95338
Elkhorn,CA,36.8103,-121.7212,93907 95012
Sea Ranch,CA,38.7165,-123.4527,95497
Taft Mosswood,CA,37.9139,-121.2831,95206
Penn Valley,CA,39.1954,-121.1942,95946
Bolinas,CA,37.9177,-122.7095,94924
Beale AFB,CA,39.1095,-121.3543,95903
Maxwell,CA,39.2771,-122.1946,95955
Grayson,CA,37.5646,-121.1801,95363
Biola,CA,36.7999,-120.021,93606 93630
Occidental,CA,38.4004,-122.9349,95465 95472 95419
Ladera,CA,37.3999,-122.1989,94028
Lake Don Pedro,CA,37.659,-120.3329,95311 95329
Laton,CA,36.4314,-119.6976,93242
Hydesville,CA,40.5579,-124.0822,95547 95540
Crowley Lake,CA,37.5689,-118.7463,93546
Eldridge,CA,38.3338,-122.5065,95442 95476
Blacklake,CA,35.0497,-120.5387,93444
Fairmead,CA,37.0775,-120.1937,93610
Bodega Bay,CA,38.325,-123.0309,94923
Knights Landing,CA,38.798,-121.7175,95645 95695
Rancho Tehama Reserve,CA,40.001,-122.442,96021
La Honda,CA,37.3182,-122.2651,94020 94062
Teviston,CA,35.9289,-119.2783,93256 93219
Glen Ellen,CA,38.3564,-122.5412,95442
Junction City,CA,40.7341,-123.0618,96048
Diablo,CA,37.8408,-121.9565,94506 94528
Penryn,CA,38.8482,-121.1698,95663 95650
Mokelumne Hill,CA,38.3057,-120.7061,95245
El Macero,CA,38.544,-121.6852,95618
Chualar,CA,36.5711,-121.5103,93925
Shandon,CA,35.6536,-120.3831,93461
Fort Hunter Liggett,CA,36.0019,-121.2381,93928
Stratford,CA,36.1885,-119.8222,93266
Douglas City,CA,40.6529,-122.9283,96024
Big River,CA,34.1393,-114.3604,92242
Mesa Verde,CA,33.5957,-114.7317,92225
Acalanes Ridge,CA,37.9046,-122.0786,94597
Lompico,CA,37.11,-122.0523,95018
Delft Colony,CA,36.5137,-119.4465,93618
Squirrel Mountain Valley,CA,35.6175,-118.4047,93240
Stebbins,CA,35.4056,-119.3142,93314
Maricopa,CA,35.0516,-119.4058,93252
North Edwards,CA,35.0474,-117.8093,93523
Riverdale Park,CA,37.6028,-121.0425,95358
Shell Ridge,CA,37.906,-122.0345,94598
Greeley Hill,CA,37.7505,-120.1228,95311
Blue Lake,CA,40.8814,-123.993,95525
Boonville,CA,39.0115,-123.374,95415
Santa Susana,CA,34.2586,-118.6642,93063
Valley Springs,CA,38.1694,-120.826,95252
Walnut Grove,CA,38.2478,-121.528,95680 95641 95690
Tahoma,CA,39.064,-120.1434,96142 96141
Soda Bay,CA,39.0024,-122.7794,95451
Johnstonville,CA,40.3791,-120.584,96130
Hopland,CA,38.9691,-123.1173,95449
Tres Pinos,CA,36.7904,-121.3105,95075 95023
Amador Pines,CA,38.4896,-120.5333,95666 95689
Inyokern,CA,35.6546,-117.8213,93527
Sultana,CA,36.5455,-119.3379,93666 93618
Willow Creek,CA,40.9385,-123.6412,95573
Los Olivos,CA,34.664,-120.117,93441
Alhambra Valley,CA,37.9668,-122.1361,94553
Gerber,CA,40.0614,-122.1482,96035
Sunol,CA,37.59,-121.8847,94586
Cobb,CA,38.8356,-122.723,95426
Silverado Resort,CA,38.3536,-122.2556,94558
Cedar Flat,CA,39.2101,-120.0965,96145 96140
Pasatiempo,CA,37.0034,-122.0265,95060
Pala,CA,33.3639,-117.0675,92059
Herald,CA,38.2913,-121.2318,95632 95638
Cleone,CA,39.4928,-123.7812,95437
Dunnigan,CA,38.8926,-121.9741,95937
Kettleman City,CA,36.0089,-119.9629,93239
Silverado,CA,33.7482,-117.6285,92676
Talmage,CA,39.1314,-123.1648,95482 95481
University of California-Merced,CA,37.3666,-120.4192,95340
Waterloo,CA,38.0365,-121.1846,95215
Los Alamos,CA,34.7419,-120.2746,93440
Jacumba,CA,32.6278,-116.1826,91934
Camanche North Shore,CA,38.2442,-120.9538,95640
Lake Hughes,CA,34.6832,-118.4588,93532
Lake of the Woods,CA,34.8225,-119.0025,93225
Independence,CA,36.8275,-118.2132,93526
Minkler,CA,36.7276,-119.4589,93657
McCloud,CA,41.2541,-122.1361,96057
Butte Valley,CA,39.6571,-121.6363,95965
Lebec,CA,34.845,-118.8992,93243
Alto,CA,37.9056,-122.5186,94941
Alpaugh,CA,35.889,-119.4858,93201
Linnell Camp,CA,36.3089,-119.2225,93292
Norris Canyon,CA,37.7457,-121.9881,94583
Yermo,CA,34.9073,-116.8235,92398
Indio Hills,CA,33.8411,-116.2484,92241
Tulelake,CA,41.9533,-121.4751,96134
Millville,CA,40.5576,-122.1697,96062 96073
Tuttletown,CA,38.0003,-120.4503,95370
Point Arena,CA,38.9123,-123.6955,95468
Geyserville,CA,38.7173,-122.9034,95441
Loyalton,CA,39.6768,-120.2448,96118
Manila,CA,40.8515,-124.163,95521
Tahoe Vista,CA,39.2478,-120.0533,96143 96148
Klamath,CA,41.5442,-124.0245,95548
Thornton,CA,38.2309,-121.4249,95632 95686
Petaluma Center,CA,38.2506,-122.7888,94952
Dorris,CA,41.9644,-121.9205,96023
Ballard,CA,34.6395,-120.1091,93463 93460
Berry Creek,CA,39.6314,-121.4052,95916
Challenge-Brownsville,CA,39.4646,-121.2633,95925 95919
Johnson Park,CA,40.9212,-121.6295,96013
Bradbury,CA,34.1536,-117.9684,91008
Butte Creek Canyon,CA,39.7489,-121.6968,95928
Catheys Valley,CA,37.4308,-120.0995,95306
Fieldbrook,CA,40.9723,-124.025,95519
Anchor Bay,CA,38.8126,-123.5704,95445
Westwood,CA,40.3049,-121.0036,96137
Monte Rio,CA,38.4684,-123.0148,95462 95486
Shelter Cove,CA,40.0389,-124.0558,95589
Mountain Gate,CA,40.7185,-122.3262,96003
Aguanga,CA,33.4522,-116.8555,92536
Kenwood,CA,38.4153,-122.5387,95452 95442
Hickman,CA,37.6193,-120.7513,95323
Wallace,CA,38.2039,-120.9609,95254
Mi-Wuk Village,CA,38.057,-120.1793,95346 95383
Deer Park,CA,38.536,-122.4679,94574 94576
Alta,CA,39.2138,-120.8033,95701
Lakeside,CA,35.2347,-119.0829,93311 93313
Patton Village,CA,40.1407,-120.1782,96113
Millerton,CA,36.9769,-119.6658,93626
East Tulare Villa,CA,36.2038,-119.2803,93274
Westley,CA,37.5469,-121.2009,95363 95387
North Gate,CA,37.9055,-121.9978,94598
Cedarville,CA,41.5281,-120.1748,96104
Clyde,CA,38.0253,-122.028,94520
Laytonville,CA,39.6715,-123.4945,95454
Doyle,CA,40.0275,-120.1173,96109
Ducor,CA,35.8927,-119.047,93218
Tranquillity,CA,36.648,-120.2526,93668
Peters,CA,37.9763,-121.0439,95236
Etna,CA,41.4582,-122.8945,96027
Modjeska,CA,33.7091,-117.6299,92676
Wilseyville,CA,38.3791,-120.5146,95248 95257 95255
Rail Road Flat,CA,38.3246,-120.5169,95245 95248
Fuller Acres,CA,35.3023,-118.9143,93307
Malaga,CA,36.6816,-119.7318,93725
West Goshen,CA,36.3492,-119.4574,93291
Kernville,CA,35.7533,-118.4321,93238
Madison,CA,38.675,-121.9702,95627 95653
Delleker,CA,39.8102,-120.4968,96122
Santa Margarita,CA,35.3895,-120.6081,93453
Rough and Ready,CA,39.234,-121.1381,95959 95975
Loleta,CA,40.6408,-124.2225,95551
Isleton,CA,38.1617,-121.6051,95641
Paradise Park,CA,37.0062,-122.0425,95060
Groveland,CA,37.8325,-120.2392,95321 95305
West Point,CA,38.406,-120.5365,95255
Fulton,CA,38.4937,-122.7734,95439
Mendocino,CA,39.311,-123.7908,95460
Dustin Acres,CA,35.2159,-119.375,93268
Matheny,CA,36.1707,-119.3516,93274
Manton,CA,40.4202,-121.854,96059
Buena Vista,CA,38.2975,-120.9174,95640
Fort Jones,CA,41.6086,-122.8409,96032
Potter Valley,CA,39.319,-123.1122,95469
Ripley,CA,33.5238,-114.653,92225
Chalfant,CA,37.5105,-118.375,93514
Lower Lake,CA,38.9118,-122.6084,95457
Wilkerson,CA,37.2794,-118.3877,93514
Lanare,CA,36.4377,-119.9322,93656
Lytle Creek,CA,34.2499,-117.5044,92358
Mountain Mesa,CA,35.6411,-118.4047,93240
Happy Camp,CA,41.8104,-123.3892,96039
College City,CA,39.0061,-122.0051,95912
Iron Horse,CA,39.7805,-120.4824,96122
Onyx,CA,35.6839,-118.2102,93255
Indianola,CA,40.8133,-124.0808,95503 95524
Elfin Forest,CA,33.0812,-117.1775,92029
Scotia,CA,40.4774,-124.1032,95565
El Nido,CA,37.1324,-120.4985,95317
San Geronimo,CA,38.0067,-122.6633,94963
Lee Vining,CA,37.9546,-119.1221,93541
Calpella,CA,39.2323,-123.197,95482
Mad River,CA,40.4325,-123.492,95552 95526
New Cuyama,CA,34.943,-119.6819,93254
Lake Almanor Country Club,CA,40.2578,-121.147,96137
La Vina,CA,36.8798,-120.1149,93637
Sierra Brooks,CA,39.6426,-120.2155,96118
Ballico,CA,37.4519,-120.7037,95303
Bend,CA,40.2561,-122.2095,96080
Davenport,CA,37.0176,-122.1881,95017
Vallecito,CA,38.0836,-120.4652,95251
Oak Run,CA,40.6902,-122.0285,96069
Graeagle,CA,39.7572,-120.6486,96103
Courtland,CA,38.3329,-121.557,95615
Lakehead,CA,40.9007,-122.3924,96051
Round Valley,CA,37.407,-118.5817,93514
Cantua Creek,CA,36.5001,-120.3163,93608
Plainview,CA,36.1431,-119.1355,93267
Dorrington,CA,38.3031,-120.2648,95223
Cold Springs,CA,38.7465,-120.8738,95667
Fields Landing,CA,40.7249,-124.2177,95537
Dobbins,CA,39.3657,-121.2128,95935
Pumpkin Center,CA,35.2653,-119.0324,93313
Fall River Mills,CA,41.0069,-121.4401,96028
Hamilton Branch,CA,40.2772,-121.0961,96137
Boulevard,CA,32.664,-116.2896,91905
El Portal,CA,37.6737,-119.787,95318
Cowan,CA,37.5601,-120.9888,95358
El Centro Naval Air Facility,CA,32.8252,-115.6681,92243
Newell,CA,41.8898,-121.3675,96134
Lockwood,CA,38.4867,-120.6035,95689
Baker,CA,35.2769,-116.0717,92309
Nipinnawasee,CA,37.4031,-119.7293,93601
Springville,CA,36.1225,-118.8228,93265
San Ardo,CA,36.0238,-120.9074,93450
Pescadero,CA,37.2507,-122.3725,94060
Proberta,CA,40.0761,-122.1776,96035 96080 96078
Meadow Valley,CA,39.9323,-121.083,95956
Cohasset,CA,39.9022,-121.7453,95973
Point Reyes Station,CA,38.0847,-122.8093,94956
Salyer,CA,40.886,-123.5807,95563
Bangor,CA,39.3761,-121.4117,95966 95901 95914
Desert Shores,CA,33.4041,-116.0394,92274
Keene,CA,35.2335,-118.6098,93531
Paloma,CA,38.2594,-120.7633,95252
Allensworth,CA,35.85,-119.3892,93219
Beckwourth,CA,39.8485,-120.4111,96122
Lemon Cove,CA,36.3809,-119.0284,93286 93244
Victor,CA,38.1385,-121.1987,95240 95253
Valley Acres,CA,35.2087,-119.4106,93268
Stirling City,CA,39.9064,-121.5361,95954 95978
Cazadero,CA,38.5265,-123.0978,95421
Bootjack,CA,37.4673,-119.8852,95338
Swall Meadows,CA,37.5061,-118.6426,93514
Carnelian Bay,CA,39.2336,-120.0764,95604 96140
Edison,CA,35.3473,-118.8698,93307 93220
Trinidad,CA,41.0589,-124.1434,95570
Potrero,CA,32.6131,-116.6068,91963
Seville,CA,36.4835,-119.2259,93292
Smith Corner,CA,35.4788,-119.2771,93263
Princeton,CA,39.4016,-122.0194,95970 95932
Rio Oso,CA,38.9518,-121.531,95674
Tonyville,CA,36.2474,-119.0903,93247
Twain,CA,40.0355,-121.0404,95984
East Orosi,CA,36.5481,-119.2599,93647
Plumas Eureka,CA,39.7982,-120.6645,96103
Kirkwood,CA,38.693,-120.0641,95646
Benbow,CA,40.0603,-123.7654,95542
Muir Beach,CA,37.8655,-122.5859,94965
Tehama,CA,40.0217,-122.1268,96090
Spaulding,CA,40.6557,-120.7863,96130
Gasquet,CA,41.8429,-123.9731,95543
McArthur,CA,41.0414,-121.4068,96056 96028
Greenville,CA,40.1336,-120.9454,95947
Oak Glen,CA,34.0448,-116.9497,92399
Meridian,CA,39.1405,-121.9078,95957
Yankee Hill,CA,39.7007,-121.5147,95965
Traver,CA,36.454,-119.4838,93673 93631
Lake Almanor West,CA,40.2336,-121.2021,96020
Miranda,CA,40.2289,-123.8173,95553
Edna,CA,35.2108,-120.606,93401
Chilcoot-Vinton,CA,39.8067,-120.1388,96105
Bridgeport,CA,38.2561,-119.2123,93517
Coloma,CA,38.8026,-120.8946,95667 95651 95613
Grimes,CA,39.0741,-121.8988,95950
Vernon,CA,34.0019,-118.2105,90058
Benton,CA,37.8189,-118.4845,93512 93514
Friant,CA,36.9848,-119.713,93626
Zayante,CA,37.0892,-122.0409,95018
Stinson Beach,CA,37.9026,-122.6501,94970
Olde Stockdale,CA,35.3476,-119.0794,93309
Woodville Farm Labor Camp,CA,36.0832,-119.1479,93257
California Pines,CA,41.4117,-120.6605,96101
Mesa,CA,37.419,-118.5424,93514
Terminous,CA,38.1153,-121.4896,95242
Del Dios,CA,33.0757,-117.119,92029
Ridgecrest Heights,CA,35.6019,-117.7042,93555
Shaver Lake,CA,37.0971,-119.3245,93664
Vina,CA,39.9343,-122.0517,96092
Coleville,CA,38.5806,-119.5029,96107
River Pines,CA,38.5455,-120.7428,95675
Honcut,CA,39.3326,-121.5388,95966
Hornbrook,CA,41.908,-122.5597,96044
Caspar,CA,39.3631,-123.8043,95460 95420
Bass Lake,CA,37.328,-119.5665,93604
Walker,CA,38.5185,-119.473,96107
Derby Acres,CA,35.244,-119.6038,93224
Bodega,CA,38.3488,-122.9711,95465 94922 94972
Glencoe,CA,38.3541,-120.5849,95245 95232
Mono City,CA,38.0321,-119.1474,93541
Herlong,CA,40.1417,-120.1397,96113
Clarksburg,CA,38.4193,-121.5416,95612
Forbestown,CA,39.53,-121.2689,95941
Loma Mar,CA,37.2658,-122.3007,94021
Mesa Vista,CA,38.8102,-119.8033,96120
Fairhaven,CA,40.7884,-124.2014,95564
Bombay Beach,CA,33.3556,-115.7269,92257
Mountain Ranch,CA,38.2117,-120.5311,95246
Robbins,CA,38.867,-121.7056,95676 95645
Bieber,CA,41.1332,-121.1295,96009
Crows Landing,CA,37.3944,-121.0752,95360 95313
Trinity Center,CA,40.9841,-122.7083,96091
San Simeon,CA,35.6182,-121.1374,93452
Orick,CA,41.2909,-124.0692,95555
Richvale,CA,39.4937,-121.7508,95965 95974
Bloomfield,CA,38.3183,-122.8502,94952
Canby,CA,41.4477,-120.8843,96015
Castella,CA,41.1549,-122.3032,96025 96017
Hood,CA,38.3693,-121.5155,95639
Coffee Creek,CA,41.0802,-122.7136,96091
Clipper Mills,CA,39.5325,-121.1665,95930
Di Giorgio,CA,35.2491,-118.8442,93203
El Adobe,CA,35.2451,-118.9589,93307
Acampo,CA,38.1735,-121.2797,95220
Lodoga,CA,39.3041,-122.5058,95979
Clear Creek,CA,40.3023,-121.0531,96137
Fort Washington,CA,36.8793,-119.7613,93720
Snelling,CA,37.5216,-120.4385,95369
Lake Almanor Peninsula,CA,40.2813,-121.1345,96137
Edmundson Acres,CA,35.2273,-118.8233,93203
Cressey,CA,37.421,-120.6557,95312 95388
Yolo,CA,38.7405,-121.8093,95697 95695
Cromberg,CA,39.8684,-120.6904,96103
Sand City,CA,36.6184,-121.8477,93955
Guinda,CA,38.8274,-122.1984,95637
Burnt Ranch,CA,40.8111,-123.5082,95527
Richfield,CA,39.9738,-122.1732,96021
Garden Farms,CA,35.4158,-120.6141,93422
Elmira,CA,38.3523,-121.9077,95625 95687
Raisin City,CA,36.6033,-119.9092,93652 93706
Trowbridge,CA,38.9264,-121.5149,95659 95674
Aspen Springs,CA,37.55,-118.7086,93546
Bear Valley,CA,37.5697,-120.1199,95338
Manchester,CA,38.9744,-123.6909,95459
Sierraville,CA,39.575,-120.3637,96126
Artois,CA,39.6331,-122.1898,95913
Grenada,CA,41.6406,-122.526,96038
Bear Creek,CA,37.2966,-120.4177,95340
Dos Palos Y,CA,37.0469,-120.6395,93620
Trinity Village,CA,40.8789,-123.5132,95527 95563
Montgomery Creek,CA,40.8415,-121.9215,96065 96084
Dillon Beach,CA,38.2436,-122.9562,94929 94971
Lindcove,CA,36.358,-119.0646,93221
Amador City,CA,38.4191,-120.8233,95601
Topaz,CA,38.6356,-119.5047,96133
French Gulch,CA,40.7166,-122.6312,96033 96095
Mexican Colony,CA,35.4689,-119.2687,93263
Albion,CA,39.2256,-123.7564,95410
Sierra City,CA,39.574,-120.6297,96125
East Shore,CA,40.2453,-121.0768,96137
June Lake,CA,37.7778,-119.0953,93529
Valley Home,CA,37.8272,-120.9143,95361
Pine Flat,CA,35.8746,-118.6428,93207
Hathaway Pines,CA,38.1919,-120.3655,95233 95224
Whitmore,CA,40.6149,-121.9355,96096
Bowles,CA,36.6089,-119.7526,93725
Monson,CA,36.4924,-119.336,93618
Old River,CA,35.2671,-119.1055,93311
Cassel,CA,40.9213,-121.5514,96016
Avery,CA,38.1967,-120.3698,95224
Smartsville,CA,39.2053,-121.2928,95977
Salton Sea Beach,CA,33.3759,-116.0113,92274
Alpine Village,CA,38.7793,-119.8077,96120
Homewood Canyon,CA,35.89,-117.3863,92328
Port Costa,CA,38.0446,-122.185,94569
Cherokee Strip,CA,35.4698,-119.2617,93263
Martell,CA,38.3644,-120.8036,95642 95654
Goodmanville,CA,35.4348,-118.939,93308
Tomales,CA,38.247,-122.9054,94971
Grangeville,CA,36.344,-119.7075,93230
Westside,CA,36.4042,-120.1341,93624
Spreckels,CA,36.6247,-121.6465,93962
Myers Flat,CA,40.2666,-123.8737,95554 95553
Greenhorn,CA,39.903,-120.759,95971
Volta,CA,37.0875,-120.9235,93635
Fiddletown,CA,38.5069,-120.7602,95629
Douglas Flat,CA,38.1144,-120.4549,95247 95251 95229
Volcano,CA,38.4506,-120.6218,95689
Sisquoc,CA,34.8621,-120.2943,93454
Industry,CA,34.0175,-117.9267,91748 91789 91745 91746 91744 91714 91715
Timber Cove,CA,38.541,-123.2589,95450 95421
San Lucas,CA,36.1283,-121.0218,93954
Three Rocks,CA,36.5051,-120.3936,93608
Markleeville,CA,38.684,-119.8228,96120
Midpines,CA,37.5524,-119.9289,95338 95345
Tupman,CA,35.2987,-119.3577,93276
Concow,CA,39.7733,-121.5196,95965
Soda Springs,CA,39.3248,-120.3786,95728
Downieville,CA,39.5701,-120.8213,95936
Fort Bidwell,CA,41.863,-120.1589,96112
Los Berros,CA,35.0809,-120.545,93420
Keswick,CA,40.6135,-122.4606,96001
Centerville,CA,36.7361,-119.4961,93657
Tecopa,CA,35.835,-116.2074,92389
Monmouth,CA,36.5656,-119.7405,93725
Macdoel,CA,41.8263,-122.0059,96058
Hardwick,CA,36.4026,-119.7208,93230
Desert Center,CA,33.7378,-115.3666,92239
Ruth,CA,40.2943,-123.3483,95552
Samoa,CA,40.8146,-124.1893,95564
Daphnedale Park,CA,41.507,-120.5472,96101
Ocotillo,CA,32.7431,-116.002,92259
Oak Shores,CA,35.7602,-120.9813,93426
El Rancho,CA,36.2207,-119.0684,93247
Round Mountain,CA,40.8006,-121.9375,96084
Monterey Park Tract,CA,37.5268,-121.0115,95307
Bluewater,CA,34.176,-114.264,92242
Sierra Village,CA,38.0765,-120.1629,95335 95346
Lockwood,CA,35.9412,-121.0802,93426 93932
Little River,CA,39.2702,-123.7818,95456
Cherokee,CA,39.6514,-121.5345,95965
East Nicolaus,CA,38.91,-121.5443,95659
Olancha,CA,36.2704,-118.0015,93549
Hypericum,CA,36.2562,-119.2169,93292
Mettler,CA,35.0635,-118.9729,93313
Moskowite Corner,CA,38.4464,-122.1944,94558
Big Bend,CA,41.0108,-121.924,96011
Mount Hebron,CA,41.7857,-122.008,96058
Wawona,CA,37.5447,-119.6387,95389
Washington,CA,39.3591,-120.7905,95959 95986
Mount Laguna,CA,32.8711,-116.4247,91948
Hiouchi,CA,41.7936,-124.0662,95531
Stevinson,CA,37.3247,-120.8497,95374
Big Lagoon,CA,41.1593,-124.1301,95570
Comptche,CA,39.2652,-123.5898,95427
Mountain Meadows,CA,35.0956,-118.4335,93561
Rumsey,CA,38.8902,-122.2404,95679
Mabie,CA,39.7771,-120.5447,96122
Nicasio,CA,38.0606,-122.7008,94946
North San Juan,CA,39.3719,-121.106,95960 95959
Sereno del Mar,CA,38.3836,-123.0733,94923
Woody,CA,35.7081,-118.8145,93287
Pike,CA,39.4278,-120.9997,95960
Camp Nelson,CA,36.142,-118.6108,93208 93265
Igo,CA,40.4992,-122.5458,96047
Nord,CA,39.7739,-121.9549,95973
Mineral,CA,40.3755,-121.5694,96063 96061
Rackerby,CA,39.4261,-121.3542,95914
Yettem,CA,36.4856,-119.256,93670 93292 93615
Clio,CA,39.7487,-120.5726,96106 96122
El Monte Mobile Village,CA,36.5471,-119.4251,93618
Gazelle,CA,41.5149,-122.5217,96034
Dutch Flat,CA,39.208,-120.8345,95714
Pajaro Dunes,CA,36.8722,-121.8101,95076
Stones Landing,CA,40.6974,-120.731,96130
Randsburg,CA,35.368,-117.6607,93554
Dales,CA,40.3155,-122.0604,96080
Furnace Creek,CA,36.4277,-116.8747,92328
New Pine Creek,CA,41.9872,-120.3009,97635
Whitley Gardens,CA,35.6574,-120.507,93446
Pierpoint,CA,36.1405,-118.6296,93208 93265
Stonyford,CA,39.3695,-122.5438,95979
Sunny Slopes,CA,37.5693,-118.6758,93546
Camptonville,CA,39.4521,-121.0487,95922
Farmington,CA,37.9299,-121.0044,95230 95215
Nicolaus,CA,38.8982,-121.5729,95659
Post Mountain,CA,40.416,-123.2316,96041
Kennedy Meadows,CA,36.0076,-118.1099,93527
La Grange,CA,37.6636,-120.4635,95329
Adin,CA,41.1948,-120.9501,96006
Goodyears Bar,CA,39.5459,-120.888,95944
Gold Mountain,CA,39.7613,-120.5191,96106 96122
Casmalia,CA,34.8378,-120.5309,93429
Rutherford,CA,38.4568,-122.4231,94573
Litchfield,CA,40.3877,-120.3807,96117
Hat Creek,CA,40.8101,-121.4809,96040
Weitchpec,CA,41.1969,-123.6939,95546
Drytown,CA,38.4397,-120.8587,95699
Tooleville,CA,36.2878,-119.1154,93221
Flournoy,CA,39.9284,-122.4458,96021 96029
Weott,CA,40.3226,-123.9209,95553 95571
Calpine,CA,39.6633,-120.4436,96124
Big Creek,CA,37.2035,-119.2485,93605 93634
Bradley,CA,35.8627,-120.8041,93426
Knights Ferry,CA,37.8199,-120.6704,95361
Robinson Mill,CA,39.4857,-121.3202,95966
Waukena,CA,36.1391,-119.511,93274
Tancred,CA,38.7619,-122.1547,95606
Johannesburg,CA,35.3719,-117.6419,93528
Cartago,CA,36.3123,-118.0261,93549
Darwin,CA,36.2688,-117.589,93522
Palo Verde,CA,33.4278,-114.7272,92266
Fellows,CA,35.178,-119.5472,93224
Verdi,CA,39.5238,-120.0165,89439
Tennant,CA,41.5822,-121.913,96058
Tuttle,CA,37.2965,-120.3789,95340 95341
Nubieber,CA,41.0967,-121.1816,96068
Carmet,CA,38.3743,-123.0719,94923
Ponderosa,CA,36.1051,-118.5293,93265
McKittrick,CA,35.298,-119.6249,93251
Alderpoint,CA,40.1613,-123.6158,95511
Sequoia Crest,CA,36.1858,-118.6256,93265
Chinese Camp,CA,37.8702,-120.4443,95327 95309
Rodriguez Camp,CA,35.809,-119.1388,93261
Paskenta,CA,39.8833,-122.5456,96074
Keddie,CA,40.0059,-120.9523,95971
C-Road,CA,39.7627,-120.577,96103 96106
Carrick,CA,41.4467,-122.3635,96094
Mount Bullion,CA,37.5082,-120.0437,95338
Foresta,CA,37.6983,-119.7552,95389
Crescent Mills,CA,40.1008,-120.9217,95934
Idlewild,CA,35.8096,-118.6704,93260
Williams Canyon,CA,33.7289,-117.6392,92676
Prattville,CA,40.206,-121.1575,95923
Elk Creek,CA,39.6004,-122.5375,95939
Mountain Center,CA,33.7112,-116.7248,92561
La Porte,CA,39.6725,-120.9852,95981
Lake Davis,CA,39.8564,-120.463,96122
Greenview,CA,41.5471,-122.9185,96037
Leggett,CA,39.8636,-123.7253,95585
Lookout,CA,41.2094,-121.1543,96054
Valley Ranch,CA,39.7403,-120.565,96106
Philo,CA,39.0657,-123.445,95466
Whitehawk,CA,39.7206,-120.5536,96106
Panorama Heights,CA,35.8068,-118.627,93260
Eagleville,CA,41.319,-120.1146,96110
Garey,CA,34.8869,-120.3141,93454
Rivergrove,CA,35.4403,-118.9411,93308
Alleghany,CA,39.4666,-120.8411,95910
Youngstown,CA,37.6481,-119.7182,95389
Moss Landing,CA,36.8019,-121.7872,95039
Glennville,CA,35.7242,-118.7152,93287 93226
Wilsonia,CA,36.7347,-118.9558,93633
Lake City,CA,41.646,-120.2255,96115
Mohawk Vista,CA,39.8048,-120.5883,96103
Madeline,CA,41.0514,-120.4755,96119
Salmon Creek,CA,38.3462,-123.0595,94923
Platina,CA,40.3591,-122.9042,96076
Cuyama,CA,34.9312,-119.6148,93254
Paynes Creek,CA,40.3409,-121.9174,96080 96075
Butte Meadows,CA,40.0871,-121.537,95942
Floriston,CA,39.393,-120.0149,96111
Ono,CA,40.4801,-122.6257,96047
Keeler,CA,36.4867,-117.8733,93530
California Hot Springs,CA,35.8876,-118.6551,93207
Long Barn,CA,38.0957,-120.1285,95335
Bucks Lake,CA,39.8797,-121.1941,95956 95984
Edgewood,CA,41.462,-122.426,96094
Shoshone,CA,35.951,-116.3056,92384
Jenner,CA,38.451,-123.1203,95450
Hyampom,CA,40.6262,-123.4689,96046
Kep'el,CA,41.2842,-123.819,95546
Redcrest,CA,40.3988,-123.9474,95569
Graniteville,CA,39.4442,-120.7361,95959
Jovista,CA,35.794,-119.1896,93215
Little Valley,CA,40.8931,-121.178,96056
Coulterville,CA,37.7123,-120.1967,95311
Alta Sierra,CA,35.7292,-118.5493,93285
Winterhaven,CA,32.7372,-114.6378,92283
Little Grass Valley,CA,39.7252,-120.959,95981
Wautec,CA,41.3543,-123.8623,95546
Canyondam,CA,40.1698,-121.0771,95923
Twin Lakes,CA,38.1695,-119.3422,93517
McClenney Tract,CA,35.822,-118.6477,93260
Sheep Ranch,CA,38.2075,-120.4602,95246
Sugarloaf Saw Mill,CA,35.8345,-118.6167,93260
Johnsville,CA,39.7663,-120.713,96103
Buck Meadows,CA,37.8104,-120.0687,95321
Posey,CA,35.8039,-118.6787,93260
Poso Park,CA,35.8113,-118.6363,93260
Freeport,CA,38.4636,-121.5022,95832
Almanor,CA,40.2146,-121.1763,95923
Likely,CA,41.2254,-120.5033,96116
Valley Ford,CA,38.3246,-122.9147,94952 94972
Sattley,CA,39.6265,-120.4357,96124
Sugarloaf Village,CA,35.8269,-118.6354,93260
Spring Garden,CA,39.9012,-120.7936,95971
Cedar Slope,CA,36.1455,-118.5788,93265
Tobin,CA,39.9358,-121.2965,95915
Tarina,CA,35.3807,-118.8171,93307 93220
Trona,CA,35.815,-117.3449,92328
Indian Falls,CA,40.0587,-120.9803,95934
Hornitos,CA,37.5026,-120.2388,95338 95325
Valley Wells,CA,35.8761,-117.3366,92328
Milford,CA,40.1634,-120.3686,96121
Silver City,CA,36.4663,-118.6495,93262
Old Station,CA,40.6722,-121.4227,96071
Fish Camp,CA,37.4778,-119.6393,93623
Oakville,CA,38.4383,-122.4067,94562 94558
Charleston View,CA,35.9646,-115.8972,89061
Virginia Lakes,CA,38.0486,-119.2555,93541
Pearsonville,CA,35.8189,-117.8755,93527
Paxton,CA,40.0334,-121.0029,95971
Taylorsville,CA,40.0586,-120.8387,95983
Phillipsville,CA,40.2117,-123.7845,95559
Campo Seco,CA,38.2271,-120.8533,95226 95225
Creston,CA,35.5173,-120.521,93432
Warner Valley,CA,40.3955,-121.3174,96020
Caribou,CA,40.0767,-121.1609,95984
Hartland,CA,36.6539,-118.9588,93603
Brooks,CA,38.7369,-122.1468,95606
Kingvale,CA,39.3204,-120.4387,95728 96161
Blairsden,CA,39.7752,-120.6109,96103
Belden,CA,40.004,-121.2538,95915
McGee Creek,CA,37.5727,-118.791,93546
